sim	fam id	dlcpar and k = .001 cost	dlcpar and k = .001 runtime	dlcpar and k = 10 cost	dlcpar and k = 10 runtime	dlclp cost	dlclp runtime
10e6-1x	0	1.500000	0.052346	1.500000	0.056263	1.500000	0.569061
10e6-1x	1	2.000000	0.054715	2.000000	0.057762	2.000000	0.483133
10e6-1x	6	0.500000	0.062259	0.500000	0.055306	0.500000	0.403096
10e6-1x	7	1.000000	0.056883	1.000000	0.063747	1.000000	0.452375
10e6-1x	8	3.000000	0.034506	3.000000	0.034711	3.000000	0.227860
10e6-1x	9	1.000000	0.056115	1.000000	0.056033	1.000000	0.509554
10e6-1x	10	1.500000	0.066924	1.500000	0.061419	1.500000	0.629001
10e6-1x	11	0.500000	0.051004	0.500000	0.053971	0.500000	0.374956
10e6-1x	16	0.500000	0.040060	0.500000	0.040511	0.500000	0.225881
10e6-1x	17	1.000000	0.053308	1.000000	0.055037	1.000000	0.470253
10e6-1x	18	1.000000	0.055986	1.000000	0.051360	1.000000	0.422139
10e6-1x	19	1.500000	0.057736	1.500000	0.058571	1.500000	0.543365
10e6-1x	20	3.000000	0.062282	3.000000	0.062831	3.000000	1.157104
10e6-1x	21	1.500000	0.059626	1.500000	0.059913	1.500000	0.589665
10e6-1x	26	1.000000	0.045430	1.000000	0.039389	1.000000	0.206385
10e6-1x	27	0.500000	0.055293	0.500000	0.050248	0.500000	0.378237
10e6-1x	28	1.500000	0.039640	1.500000	0.035579	1.500000	0.185180
10e6-1x	29	2.500000	0.080430	2.500000	0.080996	2.500000	2.010148
10e6-1x	30	1.000000	0.033160	1.000000	0.033555	1.000000	0.127061
10e6-1x	31	3.000000	0.042495	3.000000	0.042971	3.000000	0.275987
10e6-1x	32	1.500000	0.035908	1.500000	0.040863	1.500000	0.175862
10e6-1x	33	3.000000	0.089772	3.000000	0.100845	3.000000	1.579706
10e6-1x	34	0.000000	0.038634	0.000000	0.034467	0.000000	0.152083
10e6-1x	35	2.000000	0.054636	2.000000	0.060614	2.000000	0.427572
10e6-1x	36	1.000000	0.060424	1.000000	0.065336	1.000000	0.495671
10e6-1x	37	1.500000	0.049079	1.500000	0.050313	1.500000	0.366066
10e6-1x	38	0.500000	0.058622	0.500000	0.050957	0.500000	0.394453
10e6-1x	39	0.500000	0.061543	0.500000	0.053174	0.500000	0.391124
10e6-1x	42	1.000000	0.057870	1.000000	0.056627	1.000000	0.505026
10e6-1x	43	1.500000	0.068393	1.500000	0.066758	1.500000	0.608977
10e6-1x	44	2.000000	0.063244	2.000000	0.055423	2.000000	0.683609
10e6-1x	45	2.000000	0.063562	2.000000	0.059978	2.000000	0.454792
10e6-1x	50	1.000000	0.020597	1.000000	0.019846	1.000000	0.061993
10e6-1x	51	2.500000	0.094609	2.500000	0.090315	2.500000	1.150843
10e6-1x	52	1.000000	0.043630	1.000000	0.040522	1.000000	0.212587
10e6-1x	53	0.500000	0.059289	0.500000	0.051503	0.500000	0.377238
10e6-1x	54	0.500000	0.060433	0.500000	0.059872	0.500000	0.359153
10e6-1x	55	1.000000	0.056348	1.000000	0.060316	1.000000	0.500548
10e6-1x	56	1.500000	0.062311	1.500000	0.058996	1.500000	0.636242
10e6-1x	57	1.500000	0.054097	1.500000	0.052901	1.500000	0.342757
10e6-1x	58	1.500000	0.049148	1.500000	0.048539	1.500000	0.355837
10e6-1x	59	0.500000	0.056842	0.500000	0.054000	0.500000	0.392425
10e6-1x	60	0.500000	0.056857	0.500000	0.056523	0.500000	0.396834
10e6-1x	61	0.500000	0.055668	0.500000	0.060364	0.500000	0.356687
10e6-1x	62	1.000000	0.042923	1.000000	0.045122	1.000000	0.245219
10e6-1x	63	1.500000	0.097650	1.500000	0.098889	1.500000	2.134248
10e6-1x	64	1.000000	0.057358	1.000000	0.060249	1.000000	0.455100
10e6-1x	65	1.000000	0.060580	1.000000	0.051987	1.000000	0.452594
10e6-1x	66	1.500000	0.046814	1.500000	0.050770	1.500000	0.338584
10e6-1x	67	1.000000	0.048543	1.000000	0.047430	1.000000	0.239272
10e6-1x	68	1.000000	0.060600	1.000000	0.055747	1.000000	0.507562
10e6-1x	69	1.500000	0.049730	1.500000	0.063251	1.500000	0.347917
10e6-1x	72	2.000000	0.050277	2.000000	0.048960	2.000000	0.320672
10e6-1x	73	2.500000	0.074292	2.500000	0.072309	2.500000	0.960828
10e6-1x	74	4.000000	0.052482	4.000000	0.059404	4.000000	0.531107
10e6-1x	75	1.500000	0.051769	1.500000	0.052845	1.500000	0.339849
10e6-1x	80	0.500000	0.054830	0.500000	0.050651	0.500000	0.380914
10e6-1x	81	1.000000	0.043251	1.000000	0.047289	1.000000	0.239089
10e6-1x	86	3.500000	0.050264	3.500000	0.050693	3.500000	0.393720
10e6-1x	87	2.500000	0.060896	2.500000	0.067239	2.500000	0.999710
10e6-1x	88	3.000000	0.067524	3.000000	0.066488	3.000000	1.424716
10e6-1x	89	2.000000	0.060729	2.000000	0.057766	2.000000	0.453113
10e6-1x	90	0.500000	0.051288	0.500000	0.054868	0.500000	0.379408
10e6-1x	91	1.000000	0.059437	1.000000	0.064189	1.000000	0.500976
10e6-1x	92	1.500000	0.056203	1.500000	0.050475	1.500000	0.485189
10e6-1x	93	2.500000	0.055952	2.500000	0.052336	2.500000	0.541603
10e6-1x	94	2.501000	0.086509	4.500000	0.091228	2.500000	1.524547
10e6-1x	95	2.000000	0.060237	2.000000	0.066580	2.000000	0.871850
10e6-1x	96	1.000000	0.050505	1.000000	0.054599	1.000000	0.468437
10e6-1x	97	0.500000	0.053533	0.500000	0.054468	0.500000	0.404243
10e6-1x	98	1.500000	0.074822	1.500000	0.072981	1.500000	0.647265
10e6-1x	99	0.000000	0.048141	0.000000	0.052795	0.000000	0.286880
10e6-1x	100	3.000000	0.042766	3.000000	0.048856	3.000000	0.296038
10e6-1x	101	0.500000	0.056853	0.500000	0.053158	0.500000	0.398067
10e6-1x	102	0.500000	0.056539	0.500000	0.057602	0.500000	0.378759
10e6-1x	103	0.500000	0.053583	0.500000	0.050049	0.500000	0.429068
10e6-1x	104	2.500000	0.051707	2.500000	0.055869	2.500000	0.512906
10e6-1x	105	2.000000	0.059845	2.000000	0.062636	2.000000	0.483139
10e6-1x	106	0.000000	0.036807	0.000000	0.041680	0.000000	0.150212
10e6-1x	107	2.000000	0.059810	2.000000	0.061656	2.000000	0.892575
10e6-1x	108	2.001000	0.075043	2.500000	0.077839	2.000000	0.698875
10e6-1x	109	3.000000	0.039086	3.000000	0.045381	3.000000	0.236137
10e6-1x	110	3.000000	0.036961	3.000000	0.036289	3.000000	0.187121
10e6-1x	111	1.000000	0.043643	1.000000	0.043283	1.000000	0.240848
10e6-1x	116	1.500000	0.052905	1.500000	0.049653	1.500000	0.336769
10e6-1x	117	1.500000	0.061505	1.500000	0.059506	1.500000	0.572456
10e6-1x	118	3.000000	0.051016	3.000000	0.053957	3.000000	0.375958
10e6-1x	119	1.000000	0.032956	1.000000	0.033442	1.000000	0.128751
10e6-1x	120	0.500000	0.051811	0.500000	0.055283	0.500000	0.354619
10e6-1x	121	0.500000	0.058136	0.500000	0.050623	0.500000	0.387941
10e6-1x	126	0.500000	0.055081	0.500000	0.050637	0.500000	0.391303
10e6-1x	127	0.500000	0.054464	0.500000	0.056010	0.500000	0.353927
10e6-1x	128	2.500000	0.064349	2.500000	0.064819	2.500000	0.592117
10e6-1x	129	3.000000	0.056273	3.000000	0.052903	3.000000	0.673222
10e6-1x	130	0.500000	0.056620	0.500000	0.060714	0.500000	0.366759
10e6-1x	131	2.500000	0.062366	2.500000	0.057720	2.500000	0.943073
10e6-1x	132	1.000000	0.046007	1.000000	0.047340	1.000000	0.252274
10e6-1x	133	1.500000	0.053168	1.500000	0.053336	1.500000	0.351023
10e6-1x	134	1.500000	0.058360	1.500000	0.059113	1.500000	0.351946
10e6-1x	135	0.500000	0.055458	0.500000	0.058054	0.500000	0.357574
10e6-1x	136	0.000000	0.050160	0.000000	0.044878	0.000000	0.265820
10e6-1x	137	1.501000	0.087114	3.500000	0.086380	1.500000	1.314091
10e6-1x	138	1.000000	0.056938	1.000000	0.056665	1.000000	0.498102
10e6-1x	139	0.000000	0.045665	0.000000	0.045262	0.000000	0.267786
10e6-1x	142	2.500000	0.065098	2.500000	0.069827	2.500000	1.193556
10e6-1x	143	1.500000	0.051121	1.500000	0.049807	1.500000	0.372672
10e6-1x	144	1.500000	0.065634	1.500000	0.059733	1.500000	0.743328
10e6-1x	145	0.500000	0.052320	0.500000	0.051707	0.500000	0.396379
10e6-1x	150	1.500000	0.058438	1.500000	0.061359	1.500000	0.621024
10e6-1x	151	1.500000	0.055108	1.500000	0.055064	1.500000	0.601913
10e6-1x	152	0.000000	0.049800	0.000000	0.054729	0.000000	0.264790
10e6-1x	153	0.500000	0.054474	0.500000	0.055717	0.500000	0.365799
10e6-1x	154	2.500000	0.059522	2.500000	0.059856	2.500000	0.575112
10e6-1x	155	0.000000	0.045097	0.000000	0.050901	0.000000	0.276955
10e6-1x	156	2.000000	0.063757	2.000000	0.054494	2.000000	0.455872
10e6-1x	157	1.500000	0.072583	1.500000	0.077610	1.500000	0.950624
10e6-1x	158	3.000000	0.057648	3.000000	0.059269	3.000000	0.779649
10e6-1x	159	1.500000	0.078492	1.500000	0.075220	1.500000	1.023404
10e6-1x	160	3.000000	0.042671	3.000000	0.044801	3.000000	0.334477
10e6-1x	161	0.500000	0.053521	0.500000	0.050871	0.500000	0.391836
10e6-1x	162	2.500000	0.038413	2.500000	0.036757	2.500000	0.160933
10e6-1x	163	4.500000	0.068248	4.500000	0.065778	4.500000	1.350831
10e6-1x	164	3.500000	0.063284	3.500000	0.059518	3.500000	0.902499
10e6-1x	165	4.000000	0.111648	4.000000	0.116228	4.000000	4.275913
10e6-1x	166	2.500000	0.077002	2.500000	0.075842	2.500000	2.115487
10e6-1x	167	0.000000	0.045716	0.000000	0.044604	0.000000	0.265894
10e6-1x	168	2.000000	0.072433	2.000000	0.065946	2.000000	0.838417
10e6-1x	169	0.500000	0.049475	0.500000	0.058323	0.500000	0.383948
10e6-1x	172	0.500000	0.055392	0.500000	0.054320	0.500000	0.382354
10e6-1x	173	0.500000	0.044337	0.500000	0.047041	0.500000	0.211049
10e6-1x	174	0.500000	0.055807	0.500000	0.059346	0.500000	0.391384
10e6-1x	175	0.500000	0.051104	0.500000	0.051156	0.500000	0.386373
10e6-1x	180	1.000000	0.071105	1.000000	0.062012	1.000000	0.502214
10e6-1x	181	1.500000	0.056835	1.500000	0.061895	1.500000	0.526048
10e6-1x	186	0.500000	0.051699	0.500000	0.057663	0.500000	0.370253
10e6-1x	187	1.500000	0.036980	1.500000	0.035426	1.500000	0.178192
10e6-1x	188	0.500000	0.054743	0.500000	0.059792	0.500000	0.361770
10e6-1x	189	0.000000	0.049949	0.000000	0.049474	0.000000	0.291279
10e6-1x	190	1.500000	0.057885	1.500000	0.055314	1.500000	0.504811
10e6-1x	191	3.500000	0.055182	3.500000	0.058327	3.500000	0.535103
10e6-1x	192	1.500000	0.068331	1.500000	0.067054	1.500000	0.546077
10e6-1x	193	2.000000	0.069939	2.000000	0.069487	2.000000	0.944357
10e6-1x	194	1.000000	0.062198	1.000000	0.060090	1.000000	0.514986
10e6-1x	195	1.500000	0.065806	1.500000	0.066626	1.500000	0.673123
10e6-1x	196	0.500000	0.044665	0.500000	0.039577	0.500000	0.224888
10e6-1x	197	3.000000	0.086665	3.000000	0.086487	3.000000	1.546115
10e6-1x	198	0.000000	0.046086	0.000000	0.044731	0.000000	0.256512
10e6-1x	199	0.500000	0.054452	0.500000	0.055561	0.500000	0.383576
10e6-1x	200	1.000000	0.045749	1.000000	0.046594	1.000000	0.240043
10e6-1x	201	1.000000	0.033948	1.000000	0.037015	1.000000	0.120473
10e6-1x	202	0.000000	0.044767	0.000000	0.043968	0.000000	0.270776
10e6-1x	203	3.500000	0.065162	3.500000	0.060317	3.500000	0.901485
10e6-1x	204	2.500000	0.076167	2.500000	0.068171	2.500000	1.008334
10e6-1x	205	2.000000	0.029279	2.000000	0.029403	2.000000	0.147542
10e6-1x	206	0.000000	0.050951	0.000000	0.047973	0.000000	0.274689
10e6-1x	207	2.000000	0.057906	2.000000	0.062401	2.000000	0.906124
10e6-1x	208	1.000000	0.044400	1.000000	0.049707	1.000000	0.216209
10e6-1x	209	1.000000	0.061561	1.000000	0.064770	1.000000	0.469389
10e6-1x	210	1.500000	0.056176	1.500000	0.054746	1.500000	0.626350
10e6-1x	211	2.000000	0.054175	2.000000	0.060583	2.000000	0.461830
10e6-1x	212	1.000000	0.042517	1.000000	0.039872	1.000000	0.218567
10e6-1x	213	1.000000	0.043421	1.000000	0.043183	1.000000	0.287487
10e6-1x	214	2.000000	0.037974	2.000000	0.043152	2.000000	0.206425
10e6-1x	215	1.500000	0.067255	1.500000	0.065612	1.500000	0.652049
10e6-1x	216	1.500000	0.055690	1.500000	0.055711	1.500000	0.347148
10e6-1x	217	1.500000	0.049021	1.500000	0.046935	1.500000	0.310704
10e6-1x	218	1.000000	0.044329	1.000000	0.040010	1.000000	0.208376
10e6-1x	219	1.000000	0.047996	1.000000	0.046440	1.000000	0.246086
10e6-1x	220	0.500000	0.052479	0.500000	0.054435	0.500000	0.358689
10e6-1x	221	2.500000	0.043345	2.500000	0.037988	2.500000	0.233664
10e6-1x	222	1.000000	0.063463	1.000000	0.057837	1.000000	0.493750
10e6-1x	223	0.000000	0.034423	0.000000	0.034471	0.000000	0.153869
10e6-1x	224	1.000000	0.022499	1.000000	0.019590	1.000000	0.066470
10e6-1x	225	1.000000	0.065861	1.000000	0.072151	1.000000	0.501587
10e6-1x	226	1.500000	0.051651	1.500000	0.061119	1.500000	0.349505
10e6-1x	227	2.000000	0.068237	2.000000	0.071739	2.000000	1.056297
10e6-1x	228	2.000000	0.050525	2.000000	0.047061	2.000000	0.375969
10e6-1x	229	0.500000	0.053507	0.500000	0.057956	0.500000	0.386780
10e6-1x	231	1.500000	0.051167	1.500000	0.049165	1.500000	0.330463
10e6-1x	232	1.000000	0.062972	1.000000	0.064840	1.000000	0.488583
10e6-1x	233	0.000000	0.050476	0.000000	0.048158	0.000000	0.270037
10e6-1x	234	1.500000	0.055712	1.500000	0.056867	1.500000	0.363059
10e6-1x	235	1.000000	0.040086	1.000000	0.048556	1.000000	0.214011
10e6-1x	236	1.500000	0.054321	1.500000	0.059974	1.500000	0.576601
10e6-1x	238	2.500000	0.068179	2.500000	0.067626	2.500000	0.930557
10e6-1x	239	0.500000	0.055158	0.500000	0.054977	0.500000	0.388800
10e6-1x	240	1.000000	0.044417	1.000000	0.043927	1.000000	0.252697
10e6-1x	241	1.500000	0.054638	1.500000	0.055048	1.500000	0.586913
10e6-1x	242	1.500000	0.064967	1.500000	0.058631	1.500000	0.634669
10e6-1x	243	0.000000	0.048211	0.000000	0.049610	0.000000	0.272068
10e6-1x	244	0.500000	0.052264	0.500000	0.053221	0.500000	0.389504
10e6-1x	245	1.000000	0.048683	1.000000	0.048089	1.000000	0.446129
10e6-1x	246	1.000000	0.045003	1.000000	0.043304	1.000000	0.207548
10e6-1x	247	0.500000	0.055641	0.500000	0.051976	0.500000	0.368324
10e6-1x	248	2.000000	0.061135	2.000000	0.061222	2.000000	0.738531
10e6-1x	249	1.500000	0.058730	1.500000	0.055020	1.500000	0.587970
10e6-1x	250	1.000000	0.060763	1.000000	0.055182	1.000000	0.470212
10e6-1x	251	2.500000	0.062409	2.500000	0.060190	2.500000	0.602944
10e6-1x	253	0.500000	0.052228	0.500000	0.057601	0.500000	0.356655
10e6-1x	254	1.000000	0.046466	1.000000	0.046800	1.000000	0.253747
10e6-1x	256	1.500000	0.053036	1.500000	0.054068	1.500000	0.606288
10e6-1x	257	1.500000	0.049876	1.500000	0.051819	1.500000	0.342208
10e6-1x	258	0.000000	0.047579	0.000000	0.044338	0.000000	0.265218
10e6-1x	259	1.500000	0.032498	1.500000	0.036381	1.500000	0.153685
10e6-1x	260	1.000000	0.057799	1.000000	0.057562	1.000000	0.511097
10e6-1x	261	1.000000	0.050012	1.000000	0.046471	1.000000	0.243627
10e6-1x	262	0.000000	0.052165	0.000000	0.048482	0.000000	0.276281
10e6-1x	265	1.000000	0.058536	1.000000	0.056664	1.000000	0.454500
10e6-1x	266	2.000000	0.035468	2.000000	0.038822	2.000000	0.166892
10e6-1x	267	3.500000	0.063156	3.500000	0.061725	3.500000	1.136609
10e6-1x	268	2.000000	0.064466	2.000000	0.061927	2.000000	0.654225
10e6-1x	269	1.000000	0.047701	1.000000	0.048107	1.000000	0.248832
10e6-1x	270	2.500000	0.053046	2.500000	0.051306	2.500000	0.471130
10e6-1x	271	1.000000	0.062396	1.000000	0.060203	1.000000	0.508642
10e6-1x	272	2.500000	0.065072	2.500000	0.075763	2.500000	1.060214
10e6-1x	273	1.500000	0.052281	1.500000	0.060771	1.500000	0.555706
10e6-1x	274	2.000000	0.045735	2.000000	0.042038	2.000000	0.229133
10e6-1x	275	0.500000	0.054489	0.500000	0.053853	0.500000	0.382050
10e6-1x	276	1.500000	0.044014	1.500000	0.040345	1.500000	0.154455
10e6-1x	277	0.000000	0.046209	0.000000	0.044906	0.000000	0.265149
10e6-1x	278	1.500000	0.050411	1.500000	0.052689	1.500000	0.332365
10e6-1x	279	1.500000	0.036470	1.500000	0.031242	1.500000	0.140537
10e6-1x	280	2.000000	0.032830	2.000000	0.039320	2.000000	0.127452
10e6-1x	281	3.000000	0.068197	3.000000	0.068169	3.000000	0.763324
10e6-1x	282	1.500000	0.063519	1.500000	0.069567	1.500000	0.753488
10e6-1x	283	0.500000	0.056938	0.500000	0.050820	0.500000	0.393888
10e6-1x	284	0.500000	0.058585	0.500000	0.055421	0.500000	0.357659
10e6-1x	285	1.000000	0.026331	1.000000	0.019632	1.000000	0.057077
10e6-1x	286	1.000000	0.069714	1.000000	0.058860	1.000000	0.504729
10e6-1x	287	4.000000	0.083380	4.000000	0.077608	4.000000	0.990741
10e6-1x	288	1.500000	0.090583	1.500000	0.089183	1.500000	1.151030
10e6-1x	289	0.500000	0.053331	0.500000	0.054965	0.500000	0.362087
10e6-1x	291	1.500000	0.057356	1.500000	0.054972	1.500000	0.552708
10e6-1x	292	2.000000	0.070057	2.000000	0.061969	2.000000	0.584551
10e6-1x	293	4.500000	0.077587	4.500000	0.072618	4.500000	1.274026
10e6-1x	294	2.500000	0.061459	2.500000	0.061427	2.500000	0.842577
10e6-1x	295	0.500000	0.060968	0.500000	0.063065	0.500000	0.394822
10e6-1x	296	1.500000	0.056118	1.500000	0.058266	1.500000	0.570189
10e6-1x	298	2.500000	0.081452	2.500000	0.083634	2.500000	1.379145
10e6-1x	300	1.000000	0.058625	1.000000	0.055964	1.000000	0.481805
10e6-1x	301	3.000000	0.064717	3.000000	0.066106	3.000000	1.267208
10e6-1x	302	2.500000	0.116971	2.500000	0.117453	2.500000	2.848287
10e6-1x	303	0.500000	0.054850	0.500000	0.057577	0.500000	0.398319
10e6-1x	304	1.500000	0.053877	1.500000	0.052438	1.500000	0.339519
10e6-1x	305	3.500000	0.134564	3.500000	0.147335	3.500000	2.108367
10e6-1x	306	2.000000	0.063686	2.000000	0.064766	2.000000	0.867045
10e6-1x	307	4.500000	0.086659	4.500000	0.082170	4.500000	1.459582
10e6-1x	308	0.000000	0.050079	0.000000	0.049553	0.000000	0.269272
10e6-1x	309	0.500000	0.055550	0.500000	0.058469	0.500000	0.392299
10e6-1x	312	0.500000	0.058723	0.500000	0.049757	0.500000	0.418242
10e6-1x	313	2.000000	0.044229	2.000000	0.037263	2.000000	0.213116
10e6-1x	314	2.000000	0.058068	2.000000	0.058388	2.000000	0.670573
10e6-1x	315	1.000000	0.051321	1.000000	0.049395	1.000000	0.454668
10e6-1x	322	3.000000	0.066201	3.000000	0.057363	3.000000	0.772407
10e6-1x	323	0.500000	0.062762	0.500000	0.061659	0.500000	0.401279
10e6-1x	324	2.000000	0.108261	2.000000	0.099827	2.000000	1.768175
10e6-1x	325	0.500000	0.062907	0.500000	0.062312	0.500000	0.360380
10e6-1x	330	1.000000	0.058304	1.000000	0.048548	1.000000	0.408128
10e6-1x	331	0.500000	0.063363	0.500000	0.061427	0.500000	0.434533
10e6-1x	332	0.000000	0.048309	0.000000	0.050254	0.000000	0.272482
10e6-1x	333	1.500000	0.055204	1.500000	0.057880	1.500000	0.330452
10e6-1x	334	0.000000	0.049701	0.000000	0.047199	0.000000	0.271183
10e6-1x	335	1.000000	0.057900	1.000000	0.063696	1.000000	0.516190
10e6-1x	336	1.500000	0.058858	1.500000	0.059000	1.500000	0.561516
10e6-1x	337	0.000000	0.047928	0.000000	0.046661	0.000000	0.265320
10e6-1x	338	1.500000	0.048942	1.500000	0.048247	1.500000	0.347251
10e6-1x	339	1.000000	0.057067	1.000000	0.055802	1.000000	0.490062
10e6-1x	340	0.500000	0.041368	0.500000	0.043156	0.500000	0.224163
10e6-1x	341	0.500000	0.053026	0.500000	0.055533	0.500000	0.368731
10e6-1x	346	1.000000	0.049283	1.000000	0.045249	1.000000	0.246267
10e6-1x	347	0.000000	0.050085	0.000000	0.047860	0.000000	0.260218
10e6-1x	348	0.500000	0.057081	0.500000	0.059878	0.500000	0.390438
10e6-1x	349	0.000000	0.037386	0.000000	0.035306	0.000000	0.150569
10e6-1x	350	0.500000	0.056745	0.500000	0.052743	0.500000	0.400775
10e6-1x	351	2.000000	0.054132	2.000000	0.055342	2.000000	0.718499
10e6-1x	352	0.000000	0.047457	0.000000	0.051782	0.000000	0.271826
10e6-1x	353	1.000000	0.043476	1.000000	0.037145	1.000000	0.224574
10e6-1x	354	1.500000	0.053331	1.500000	0.053605	1.500000	0.318579
10e6-1x	355	2.500000	0.065339	2.500000	0.063250	2.500000	0.619721
10e6-1x	356	1.500000	0.050845	1.500000	0.051092	1.500000	0.322798
10e6-1x	357	2.000000	0.067449	2.000000	0.067533	2.000000	1.057886
10e6-1x	358	2.000000	0.057510	2.000000	0.054942	2.000000	0.477500
10e6-1x	359	2.000000	0.077189	2.000000	0.073955	2.000000	0.803547
10e6-1x	360	0.000000	0.049665	0.000000	0.052331	0.000000	0.264482
10e6-1x	361	1.000000	0.049469	1.000000	0.048084	1.000000	0.249431
10e6-1x	362	1.500000	0.051159	1.500000	0.050672	1.500000	0.345750
10e6-1x	363	2.000000	0.042161	2.000000	0.046515	2.000000	0.228328
10e6-1x	364	0.000000	0.045223	0.000000	0.044495	0.000000	0.262737
10e6-1x	365	1.000000	0.061009	1.000000	0.066577	1.000000	0.501526
10e6-1x	366	2.000000	0.070048	2.000000	0.066935	2.000000	0.835928
10e6-1x	367	1.000000	0.031483	1.000000	0.037777	1.000000	0.121997
10e6-1x	368	3.000000	0.063491	3.000000	0.060968	3.000000	1.191466
10e6-1x	369	1.500000	0.035622	1.500000	0.039759	1.500000	0.173861
10e6-1x	370	1.001000	0.060759	3.000000	0.062665	1.000000	0.640845
10e6-1x	371	2.000000	0.037612	2.000000	0.037595	2.000000	0.191233
10e6-1x	376	1.500000	0.049657	1.500000	0.053977	1.500000	0.341327
10e6-1x	377	1.000000	0.044067	1.000000	0.046633	1.000000	0.243719
10e6-1x	378	0.000000	0.050019	0.000000	0.053490	0.000000	0.273692
10e6-1x	379	0.000000	0.047619	0.000000	0.045525	0.000000	0.252444
10e6-1x	382	0.500000	0.050361	0.500000	0.057829	0.500000	0.371976
10e6-1x	383	2.000000	0.060022	2.000000	0.064234	2.000000	0.486332
10e6-1x	384	1.000000	0.064796	1.000000	0.056157	1.000000	0.503627
10e6-1x	385	1.000000	0.057505	1.000000	0.057083	1.000000	0.454530
10e6-1x	390	1.500000	0.056717	1.500000	0.057385	1.500000	0.341218
10e6-1x	391	0.500000	0.055250	0.500000	0.051355	0.500000	0.402472
10e6-1x	392	1.000000	0.019857	1.000000	0.026162	1.000000	0.055821
10e6-1x	393	1.500000	0.075593	1.500000	0.074590	1.500000	0.582602
10e6-1x	394	0.500000	0.051891	0.500000	0.049308	0.500000	0.378903
10e6-1x	395	1.000000	0.053946	1.000000	0.048947	1.000000	0.417652
10e6-1x	396	3.500000	0.075407	3.500000	0.068036	3.500000	0.969095
10e6-1x	397	2.000000	0.048100	2.000000	0.047581	2.000000	0.420973
10e6-1x	398	1.000000	0.035293	1.000000	0.035461	1.000000	0.127582
10e6-1x	399	2.000000	0.054731	2.000000	0.060155	2.000000	0.394950
10e6-1x	400	1.000000	0.052997	1.000000	0.058215	1.000000	0.511249
10e6-1x	401	1.000000	0.047998	1.000000	0.050299	1.000000	0.421807
10e6-1x	402	0.000000	0.049122	0.000000	0.048006	0.000000	0.266975
10e6-1x	405	1.000000	0.060823	1.000000	0.055839	1.000000	0.486810
10e6-1x	406	3.000000	0.053083	3.000000	0.053182	3.000000	0.610473
10e6-1x	407	3.000000	0.059569	3.000000	0.064305	3.000000	0.713552
10e6-1x	408	2.000000	0.062729	2.000000	0.056326	2.000000	0.439680
10e6-1x	409	2.000000	0.063976	2.000000	0.057029	2.000000	0.466528
10e6-1x	410	0.500000	0.053902	0.500000	0.050245	0.500000	0.375404
10e6-1x	411	2.000000	0.111739	2.000000	0.111927	2.000000	4.013252
10e6-1x	412	1.500000	0.064704	1.500000	0.067796	1.500000	0.564366
10e6-1x	413	0.000000	0.049077	0.000000	0.052225	0.000000	0.260527
10e6-1x	414	1.000000	0.053134	1.000000	0.055467	1.000000	0.448910
10e6-1x	415	2.000000	0.058581	2.000000	0.059839	2.000000	0.544368
10e6-1x	416	3.500000	0.060654	3.500000	0.061098	3.500000	0.654797
10e6-1x	417	0.500000	0.057503	0.500000	0.059351	0.500000	0.371730
10e6-1x	418	0.500000	0.051282	0.500000	0.050390	0.500000	0.394010
10e6-1x	419	1.500000	0.051126	1.500000	0.057013	1.500000	0.334088
10e6-1x	420	1.500000	0.050849	1.500000	0.055987	1.500000	0.330854
10e6-1x	421	1.000000	0.058999	1.000000	0.056557	1.000000	0.495097
10e6-1x	422	1.000000	0.062589	1.000000	0.064581	1.000000	0.454663
10e6-1x	423	0.500000	0.054073	0.500000	0.055416	0.500000	0.359681
10e6-1x	424	1.000000	0.049331	1.000000	0.042682	1.000000	0.242268
10e6-1x	425	2.000000	0.056218	2.000000	0.056098	2.000000	0.385273
10e6-1x	426	2.500000	0.038427	2.500000	0.040234	2.500000	0.153740
10e6-1x	427	0.500000	0.052124	0.500000	0.057310	0.500000	0.400051
10e6-1x	428	3.000000	0.045313	3.000000	0.050684	3.000000	0.397983
10e6-1x	429	2.000000	0.072114	2.000000	0.071753	2.000000	1.272732
10e6-1x	430	0.500000	0.055879	0.500000	0.055079	0.500000	0.376792
10e6-1x	431	1.500000	0.064179	1.500000	0.066964	1.500000	0.587356
10e6-1x	433	0.500000	0.056941	0.500000	0.054182	0.500000	0.396950
10e6-1x	434	1.000000	0.053634	1.000000	0.052210	1.000000	0.455901
10e6-1x	436	1.000000	0.044296	1.000000	0.042912	1.000000	0.250915
10e6-1x	437	2.000000	0.057934	2.000000	0.068205	2.000000	0.831469
10e6-1x	438	1.000000	0.058155	1.000000	0.056529	1.000000	0.487575
10e6-1x	439	1.500000	0.054970	1.500000	0.053848	1.500000	0.668559
10e6-1x	440	1.000000	0.048777	1.000000	0.042994	1.000000	0.236400
10e6-1x	441	0.500000	0.050988	0.500000	0.052640	0.500000	0.389142
10e6-1x	442	1.000000	0.061963	1.000000	0.072215	1.000000	0.461837
10e6-1x	443	1.500000	0.049149	1.500000	0.049149	1.500000	0.358554
10e6-1x	444	2.000000	0.052182	2.000000	0.051484	2.000000	0.387915
10e6-1x	445	4.000000	0.069234	4.000000	0.068095	4.000000	1.506874
10e6-1x	446	2.000000	0.050169	2.000000	0.053686	2.000000	0.411326
10e6-1x	447	2.500000	0.054385	2.500000	0.048806	2.500000	0.377900
10e6-1x	448	0.500000	0.054153	0.500000	0.054705	0.500000	0.359329
10e6-1x	449	0.500000	0.061244	0.500000	0.058773	0.500000	0.372599
10e6-1x	450	1.500000	0.053389	1.500000	0.047494	1.500000	0.287554
10e6-1x	451	1.000000	0.056309	1.000000	0.056210	1.000000	0.497150
10e6-1x	452	1.500000	0.066699	1.500000	0.072962	1.500000	0.647905
10e6-1x	453	0.000000	0.045875	0.000000	0.048457	0.000000	0.263897
10e6-1x	454	0.000000	0.048623	0.000000	0.044393	0.000000	0.255526
10e6-1x	455	0.500000	0.060051	0.500000	0.055244	0.500000	0.407533
10e6-1x	456	1.000000	0.049624	1.000000	0.049595	1.000000	0.250426
10e6-1x	457	2.000000	0.048899	2.000000	0.042345	2.000000	0.321907
10e6-1x	458	0.000000	0.047539	0.000000	0.049009	0.000000	0.262324
10e6-1x	460	0.500000	0.055785	0.500000	0.051022	0.500000	0.398927
10e6-1x	462	4.500000	0.059499	4.500000	0.056596	4.500000	0.891526
10e6-1x	463	2.000000	0.086843	2.000000	0.079400	2.000000	0.927063
10e6-1x	464	1.000000	0.056440	1.000000	0.055376	1.000000	0.412243
10e6-1x	465	1.000000	0.040738	1.000000	0.040813	1.000000	0.208532
10e6-1x	467	1.500000	0.049997	1.500000	0.051540	1.500000	0.332059
10e6-1x	468	0.500000	0.052091	0.500000	0.050523	0.500000	0.394284
10e6-1x	469	0.000000	0.039285	0.000000	0.044124	0.000000	0.166134
10e6-1x	470	2.500000	0.062492	2.500000	0.061384	2.500000	0.994793
10e6-1x	471	2.500000	0.063071	2.500000	0.067525	2.500000	1.000318
10e6-1x	472	1.500000	0.050518	1.500000	0.057092	1.500000	0.366643
10e6-1x	473	0.000000	0.040765	0.000000	0.034703	0.000000	0.159549
10e6-1x	474	1.000000	0.060657	1.000000	0.055752	1.000000	0.480713
10e6-1x	475	2.500000	0.063434	2.500000	0.072306	2.500000	0.895673
10e6-1x	476	3.000000	0.060318	3.000000	0.067421	3.000000	0.758898
10e6-1x	477	1.500000	0.060036	1.500000	0.060806	1.500000	0.550594
10e6-1x	478	1.500000	0.069359	1.500000	0.077576	1.500000	0.610646
10e6-1x	479	2.000000	0.066940	2.000000	0.063348	2.000000	0.873879
10e6-1x	480	2.000000	0.057206	2.000000	0.056275	2.000000	0.439555
10e6-1x	481	1.000000	0.054369	1.000000	0.053497	1.000000	0.459141
10e6-1x	482	0.500000	0.057093	0.500000	0.060890	0.500000	0.362528
10e6-1x	483	1.000000	0.057242	1.000000	0.058282	1.000000	0.504200
10e6-1x	484	0.500000	0.053141	0.500000	0.057670	0.500000	0.356100
10e6-1x	485	0.500000	0.062271	0.500000	0.056816	0.500000	0.362958
10e6-1x	486	2.500000	0.075949	2.500000	0.069104	2.500000	1.329716
10e6-1x	487	0.000000	0.038794	0.000000	0.036065	0.000000	0.147523
10e6-1x	488	1.000000	0.057413	1.000000	0.059441	1.000000	0.519176
10e6-1x	489	3.000000	0.049148	3.000000	0.046729	3.000000	0.507501
10e6-1x	490	0.500000	0.051045	0.500000	0.054544	0.500000	0.391501
10e6-1x	491	1.500000	0.035648	1.500000	0.035473	1.500000	0.169235
10e6-1x	493	1.000000	0.053885	1.000000	0.047244	1.000000	0.469209
10e6-1x	494	1.500000	0.056532	1.500000	0.059972	1.500000	0.552106
